Unidade-Preset;CodCentro;NomeCentro;NomeIlha;TipoIlha;Qtd_Baias;Preset;Produto_agrupado
BABET-PRESET-01;5025;BABET;Ilha-01;B;1;PRESET-01;GASOLINA C
BABET-PRESET-02;5025;BABET;Ilha-01;B;1;PRESET-02;ETANOL HIDRATADO
BABET-PRESET-03;5025;BABET;Ilha-01;B;1;PRESET-03;DIESEL B S10
BABET-PRESET-04;5025;BABET;Ilha-02;T;2;PRESET-04;GASOLINA C
BABET-PRESET-05;5025;BABET;Ilha-02;T;2;PRESET-05;ETANOL HIDRATADO
BABET-PRESET-06;5025;BABET;Ilha-02;T;2;PRESET-06;DIESEL B S500
BABET-PRESET-07;5025;BABET;Ilha-03;T;2;PRESET-07;GASOLINA C
BABET-PRESET-08;5025;BABET;Ilha-03;T;2;PRESET-08;ETANOL HIDRATADO
BABET-PRESET-09;5025;BABET;Ilha-03;T;2;PRESET-09;DIESEL B S500
BABET-PRESET-10;5025;BABET;Ilha-04;T;2;PRESET-10;GASOLINA C
BABET-PRESET-11;5025;BABET;Ilha-04;T;2;PRESET-11;ETANOL HIDRATADO
BABET-PRESET-12;5025;BABET;Ilha-04;T;2;PRESET-12;DIESEL B S10
BABET-PRESET-13;5025;BABET;Ilha-05;T;2;PRESET-13;GASOLINA C
BABET-PRESET-14;5025;BABET;Ilha-05;T;2;PRESET-14;ETANOL HIDRATADO
BABET-PRESET-15;5025;BABET;Ilha-05;T;2;PRESET-15;DIESEL B S10
BABET-PRESET-16;5025;BABET;Ilha-06;T;2;PRESET-16;ETANOL HIDRATADO
BABET-PRESET-17;5025;BABET;Ilha-06;T;2;PRESET-17;GASOLINA C
BABET-PRESET-18;5025;BABET;Ilha-06;T;2;PRESET-18;DIESEL B S10
BABET-PRESET-19;5025;BABET;Ilha-07;T;2;PRESET-19;DIESEL B S10
BABET-PRESET-20;5025;BABET;Ilha-07;T;2;PRESET-20;GASOLINA C
BABET-PRESET-21;5025;BABET;Ilha-07;T;2;PRESET-21;DIESEL B S500
BABET-PRESET-22;5025;BABET;Ilha-08;T;2;PRESET-22;DIESEL B S500
BABET-PRESET-23;5025;BABET;Ilha-08;T;2;PRESET-23;JET-A
BABET-PRESET-24;5025;BABET;Ilha-08;T;2;PRESET-24;DIESEL B S10
BABET-PRESET-25;5025;BABET;Ilha-09;T;2;PRESET-25;JET-A
BABET-PRESET-26;5025;BABET;Ilha-09;T;2;PRESET-26;JET-A
BABET-PRESET-27;5025;BABET;Ilha-10;T;2;PRESET-27;GASOLINA PODIUM
BABET-PRESET-28;5025;BABET;Ilha-10;T;2;PRESET-28;DIESEL B S10
BABET-PRESET-29;5025;BABET;Ilha-10;T;2;PRESET-29;DIESEL B S10
BABET-PRESET-32;5025;BABET;Ilha-11;D;2;PRESET-32;ETANOL HIDRATADO
BABET-PRESET-33;5025;BABET;Ilha-11;D;2;PRESET-33;ETANOL HIDRATADO
BABET-PRESET-30;5025;BABET;Ilha-12;D;2;PRESET-30;ETANOL HIDRATADO
BABET-PRESET-31;5025;BABET;Ilha-12;D;2;PRESET-31;ETANOL ANIDRO
BABET-PRESET-36;5025;BABET;Ilha-D B100;D;1;PRESET-36;BIODIESEL B100
BABET-PRESET-34;5025;BABET;Ilha-E25 e 26;T;2;PRESET-34;PRODUTO NÃO DETECTADO
BABET-PRESET-35;5025;BABET;Ilha-E25 e 26;T;2;PRESET-35;PRODUTO NÃO DETECTADO
BABRAS-PRESET-01;5012;BABRAS;Ilha 1;T;2;PRESET-01;GASOLINA C
BABRAS-PRESET-02;5012;BABRAS;Ilha 1;T;2;PRESET-02;DIESEL B S10
BABRAS-PRESET-03;5012;BABRAS;Ilha 1;T;2;PRESET-03;DIESEL B S500
BABRAS-PRESET-19;5012;BABRAS;Ilha 10;T;2;PRESET-19;BIODIESEL B100
BABRAS-PRESET-26;5012;BABRAS;Ilha 14;B;1;PRESET-26;PRODUTO NÃO DETECTADO
BABRAS-PRESET-25;5012;BABRAS;Ilha 15;B;1;PRESET-25;PRODUTO NÃO DETECTADO
BABRAS-PRESET-23;5012;BABRAS;Ilha 16;B;2;PRESET-23;JET-A
BABRAS-PRESET-24;5012;BABRAS;Ilha 16;B;2;PRESET-24;JET-A
BABRAS-PRESET-21;5012;BABRAS;Ilha 17;B;2;PRESET-21;JET-A
BABRAS-PRESET-22;5012;BABRAS;Ilha 17;B;2;PRESET-22;JET-A
BABRAS-PRESET-04;5012;BABRAS;Ilha 2;T;2;PRESET-04;GASOLINA C
BABRAS-PRESET-05;5012;BABRAS;Ilha 2;T;2;PRESET-05;DIESEL B S10
BABRAS-PRESET-06;5012;BABRAS;Ilha 2;T;2;PRESET-06;DIESEL B S500
BABRAS-PRESET-07;5012;BABRAS;Ilha 3;T;2;PRESET-07;GASOLINA C
BABRAS-PRESET-08;5012;BABRAS;Ilha 3;T;2;PRESET-08;DIESEL B S10
BABRAS-PRESET-09;5012;BABRAS;Ilha 3;T;2;PRESET-09;ETANOL HIDRATADO
BABRAS-PRESET-10;5012;BABRAS;Ilha 4;T;2;PRESET-10;GASOLINA C
BABRAS-PRESET-11;5012;BABRAS;Ilha 4;T;2;PRESET-11;DIESEL B S10 GRID
BABRAS-PRESET-12;5012;BABRAS;Ilha 4;T;2;PRESET-12;ETANOL GRID
BABRAS-PRESET-13;5012;BABRAS;Ilha 5;T;2;PRESET-13;GASOLINA C
BABRAS-PRESET-14;5012;BABRAS;Ilha 5;T;2;PRESET-14;DIESEL B S10 GRID
BABRAS-PRESET-15;5012;BABRAS;Ilha 5;T;2;PRESET-15;ETANOL GRID
BABRAS-PRESET-16;5012;BABRAS;Ilha 6;B;2;PRESET-16;GASOLINA PODIUM
BABRAS-PRESET-17;5012;BABRAS;Ilha 6;B;2;PRESET-17;DIESEL B S10
BABRAS-PRESET-18;5012;BABRAS;Ilha 6;B;2;PRESET-18;GASOLINA C
BABRAS-PRESET-35;5012;BABRAS;Ilha 8;T;2;PRESET-35;ETANOL HIDRATADO
BABRAS-PRESET-20;5012;BABRAS;Ilha 9;T;2;PRESET-20;DIESEL B S500
BABRAS-PRESET-27;5012;BABRAS;SKID_Alc1;D;2;PRESET-27;ETANOL ANIDRO
BABRAS-PRESET-28;5012;BABRAS;SKID_Alc1;D;2;PRESET-28;ETANOL HIDRATADO
BABRAS-PRESET-29;5012;BABRAS;SKID_Alc2;D;2;PRESET-29;ETANOL HIDRATADO
BABRAS-PRESET-30;5012;BABRAS;SKID_Die;D;2;PRESET-30;PRODUTO NÃO DETECTADO
BABRAS-PRESET-31;5012;BABRAS;SKID_QAV;D;2;PRESET-31;JET-A
BABRAS-PRESET-32;5012;BABRAS;SKID_QAV;D;2;PRESET-32;PRODUTO NÃO DETECTADO
BABRAS-PRESET-33;5012;BABRAS;SKID_S10;D;1;PRESET-33;PRODUTO NÃO DETECTADO
BABRAS-PRESET-34;5012;BABRAS;SKID_S10;D;1;PRESET-34;PRODUTO NÃO DETECTADO
BACAD-PRESET-17;5261;BACAD;DES1;D;2;PRESET-17;GASOLINA A
BACAD-PRESET-18;5261;BACAD;DES1;D;2;PRESET-18;ETANOL HIDRATADO
BACAD-PRESET-19;5261;BACAD;DES2;D;2;PRESET-19;GASOLINA A
BACAD-PRESET-20;5261;BACAD;DES2;D;2;PRESET-20;DIESEL A S10
BACAD-PRESET-21;5261;BACAD;DES3;D;2;PRESET-21;DIESEL A S500
BACAD-PRESET-22;5261;BACAD;DES3;D;2;PRESET-22;DIESEL A S10
BACAD-PRESET-01;5261;BACAD;IB2;B;2;PRESET-01;DIESEL B S10
BACAD-PRESET-02;5261;BACAD;IB2;B;2;PRESET-02;PRODUTO NÃO DETECTADO
BACAD-PRESET-03;5261;BACAD;IB2;B;2;PRESET-03;ETANOL HIDRATADO
BACAD-PRESET-04;5261;BACAD;IB2;B;2;PRESET-04;DIESEL B S10
BACAD-PRESET-05;5261;BACAD;IB3;T;2;PRESET-05;DIESEL B S10
BACAD-PRESET-06;5261;BACAD;IB3;T;2;PRESET-06;GASOLINA C
BACAD-PRESET-07;5261;BACAD;IB3;T;2;PRESET-07;ETANOL HIDRATADO
BACAD-PRESET-08;5261;BACAD;IB3;T;2;PRESET-08;GASOLINA PODIUM
BACAD-PRESET-09;5261;BACAD;IB4;T;2;PRESET-09;DIESEL B S500
BACAD-PRESET-10;5261;BACAD;IB4;T;2;PRESET-10;GASOLINA C
BACAD-PRESET-11;5261;BACAD;IB4;T;2;PRESET-11;ETANOL GRID
BACAD-PRESET-12;5261;BACAD;IB4;T;2;PRESET-12;DIESEL B S10
BACAD-PRESET-13;5261;BACAD;IB5;T;2;PRESET-13;DIESEL B S500
BACAD-PRESET-14;5261;BACAD;IB5;T;2;PRESET-14;GASOLINA C
BACAD-PRESET-15;5261;BACAD;IB5;T;2;PRESET-15;ETANOL GRID
BACAD-PRESET-16;5261;BACAD;IB5;T;2;PRESET-16;DIESEL B S10
BACAI-PRESET-13;5330;BACAI;Descarga;D;1;PRESET-13;PRODUTO NÃO DETECTADO
BACAI-PRESET-14;5330;BACAI;Descarga;D;1;PRESET-14;BIODIESEL B100
BACAI-PRESET-01;5330;BACAI;ILHA 1;T;2;PRESET-01;DIESEL B S500
BACAI-PRESET-02;5330;BACAI;ILHA 1;T;2;PRESET-02;DIESEL B S10
BACAI-PRESET-03;5330;BACAI;ILHA 1;T;2;PRESET-03;PRODUTO NÃO DETECTADO
BACAI-PRESET-04;5330;BACAI;ILHA 1;T;2;PRESET-04;GASOLINA C
BACAI-PRESET-05;5330;BACAI;ILHA 2;T;2;PRESET-05;PRODUTO NÃO DETECTADO
BACAI-PRESET-06;5330;BACAI;ILHA 2;T;2;PRESET-06;DIESEL B S500
BACAI-PRESET-07;5330;BACAI;ILHA 2;T;2;PRESET-07;GASOLINA PODIUM
BACAI-PRESET-08;5330;BACAI;ILHA 2;T;2;PRESET-08;GASOLINA C
BACAI-PRESET-09;5330;BACAI;ILHA 3;T;2;PRESET-09;DIESEL B S500
BACAI-PRESET-10;5330;BACAI;ILHA 3;T;2;PRESET-10;DIESEL B S10
BACAI-PRESET-11;5330;BACAI;ILHA 3;T;2;PRESET-11;ETANOL HIDRATADO
BACAI-PRESET-12;5330;BACAI;ILHA 3;T;2;PRESET-12;GASOLINA C
BACAJ-X;0;BACAJ;X;X;2;X;PRODUTO NÃO DETECTADO
BACAM-PRESET-1D;5272;BACAM;PLECT 1;T;2;PRESET-1D;PRODUTO NÃO DETECTADO
BACAM-PRESET-1E;5272;BACAM;PLECT 1;T;2;PRESET-1E;PRODUTO NÃO DETECTADO
BACAM-PRESET-2D;5272;BACAM;PLECT 2;T;2;PRESET-2D;PRODUTO NÃO DETECTADO
BACAM-PRESET-2E;5272;BACAM;PLECT 2;T;2;PRESET-2E;PRODUTO NÃO DETECTADO
BACAM-PRESET-3D;5272;BACAM;PLECT 3;T;2;PRESET-3D;PRODUTO NÃO DETECTADO
BACAM-PRESET-3E;5272;BACAM;PLECT 3;T;2;PRESET-3E;PRODUTO NÃO DETECTADO
BACAM-PRESET-4D;5272;BACAM;PLECT 4;T;2;PRESET-4D;PRODUTO NÃO DETECTADO
BACAM-PRESET-4E;5272;BACAM;PLECT 4;T;2;PRESET-4E;PRODUTO NÃO DETECTADO
BACRO-11;5265;BACRO;ilha1;T;2;11;PRODUTO NÃO DETECTADO
BACRO-12;5265;BACRO;ilha1;T;2;12;PRODUTO NÃO DETECTADO
BACUB-PRESET-01;5101;BACUB;Ilha 1;B;2;PRESET-01;PRODUTOS QUIMICOS
BACUB-PRESET-02;5101;BACUB;Ilha 1;B;2;PRESET-02;PRODUTOS QUIMICOS
BACUB-PRESET-19;5101;BACUB;Ilha 10;B;2;PRESET-19;GASOLINA C
BACUB-PRESET-20;5101;BACUB;Ilha 10;B;2;PRESET-20;DIESEL B S10
BACUB-PRESET-21;5101;BACUB;Ilha 10;B;2;PRESET-21;ETANOL HIDRATADO
BACUB-PRESET-03;5101;BACUB;Ilha 2;B;2;PRESET-03;OUTROS
BACUB-PRESET-04;5101;BACUB;Ilha 2;B;2;PRESET-04;OUTROS
BACUB-PRESET-26;5101;BACUB;Ilha 2;B;2;PRESET-26;GASOLINA A
BACUB-PRESET-05;5101;BACUB;Ilha 3;B;2;PRESET-05;PRODUTOS QUIMICOS
BACUB-PRESET-06;5101;BACUB;Ilha 3;B;2;PRESET-06;DIESEL B S500
BACUB-PRESET-07;5101;BACUB;Ilha 3;B;2;PRESET-07;DIESEL MARITIMO
BACUB-PRESET-08;5101;BACUB;Ilha 4;B;2;PRESET-08;GASOLINA PODIUM
BACUB-PRESET-09;5101;BACUB;Ilha 4;B;2;PRESET-09;GASOLINA A
BACUB-PRESET-22;5101;BACUB;Ilha 5;T;0;PRESET-22;PRODUTO NÃO DETECTADO
BACUB-PRESET-23;5101;BACUB;Ilha 5;T;0;PRESET-23;PRODUTO NÃO DETECTADO
BACUB-PRESET-10;5101;BACUB;Ilha 7;B;1;PRESET-10;GASOLINA C
BACUB-PRESET-11;5101;BACUB;Ilha 7;B;1;PRESET-11;ETANOL HIDRATADO
BACUB-PRESET-12;5101;BACUB;Ilha 7;B;1;PRESET-12;DIESEL B S500
BACUB-PRESET-24;5101;BACUB;Ilha 7;B;1;PRESET-24;DIESEL B S10
BACUB-PRESET-13;5101;BACUB;Ilha 8;B;2;PRESET-13;GASOLINA C
BACUB-PRESET-14;5101;BACUB;Ilha 8;B;2;PRESET-14;DIESEL B S10
BACUB-PRESET-15;5101;BACUB;Ilha 8;B;2;PRESET-15;DIESEL B S500
BACUB-PRESET-25;5101;BACUB;Ilha 8;B;2;PRESET-25;DIESEL B S10
BACUB-PRESET-16;5101;BACUB;Ilha 9;B;1;PRESET-16;DIESEL B S10
BACUB-PRESET-17;5101;BACUB;Ilha 9;B;1;PRESET-17;GASOLINA C
BACUB-PRESET-18;5101;BACUB;Ilha 9;B;1;PRESET-18;ETANOL HIDRATADO
BACUB-PRESET-27;5101;BACUB;SK1;D;2;PRESET-27;ETANOL HIDRATADO
BACUB-PRESET-28;5101;BACUB;SK2;D;2;PRESET-28;ETANOL ANIDRO
BACUB-PRESET-29;5101;BACUB;SK3;D;2;PRESET-29;ETANOL HIDRATADO
BACUB-PRESET-30;5101;BACUB;SK4;D;2;PRESET-30;ETANOL HIDRATADO
BACUB-PRESET-31;5101;BACUB;SK5;D;2;PRESET-31;BIODIESEL B100
BACUB-PRESET-32;5101;BACUB;SK6;D;2;PRESET-32;PRODUTO NÃO DETECTADO
BACUB-PRESET-33;5101;BACUB;SK7;D;2;PRESET-33;BIODIESEL B100
BADEN-PRESET-01;5174;BADEN;ILHA-01;B;2;PRESET-01;GASOLINA C
BADEN-PRESET-02;5174;BADEN;ILHA-01;B;2;PRESET-02;ETANOL HIDRATADO
BADEN-PRESET-03;5174;BADEN;ILHA-01;B;2;PRESET-03;DIESEL B S500
BADEN-PRESET-04;5174;BADEN;ILHA-01;B;2;PRESET-04;DIESEL B S10
BADEN-PRESET-05;5174;BADEN;ILHA-01;B;2;PRESET-05;DIESEL B S10
BADEN-PRESET-06;5174;BADEN;ILHA-02;T;2;PRESET-06;DIESEL B S10
BADEN-PRESET-07;5174;BADEN;ILHA-02;T;2;PRESET-07;ETANOL HIDRATADO
BADEN-PRESET-08;5174;BADEN;ILHA-02;T;2;PRESET-08;DIESEL B S500
BADEN-PRESET-09;5174;BADEN;ILHA-02;T;2;PRESET-09;GASOLINA C
BADEN-PRESET-10;5174;BADEN;ILHA-02;T;2;PRESET-10;DIESEL B S10
BADEN-PRESET-11;5174;BADEN;ILHA-03;B;2;PRESET-11;GASOLINA PODIUM
BADUC-PRESET-1A;5095;BADUC;ILHA 01 - Descarga;D;2;PRESET-1A;ETANOL ANIDRO
BADUC-PRESET-1B;5095;BADUC;ILHA 01 - Descarga;D;2;PRESET-1B;ETANOL ANIDRO
BADUC-PRESET-2A;5095;BADUC;ILHA 02 - Descarga;D;2;PRESET-2A;BIODIESEL B100
BADUC-PRESET-2B;5095;BADUC;ILHA 02 - Descarga;D;2;PRESET-2B;ETANOL ANIDRO
BADUC-PRESET-3A;5095;BADUC;ILHA 03 - Descarga;D;2;PRESET-3A;BIODIESEL B100
BADUC-PRESET-3B;5095;BADUC;ILHA 03 - Descarga;D;2;PRESET-3B;BIODIESEL B100
BADUC-PRESET-28;5095;BADUC;ILHA-01;B;2;PRESET-28;GASOLINA C
BADUC-PRESET-29;5095;BADUC;ILHA-01;B;2;PRESET-29;DIESEL B S10
BADUC-PRESET-30;5095;BADUC;ILHA-01;B;2;PRESET-30;DIESEL B S500
BADUC-PRESET-31;5095;BADUC;ILHA-01;B;2;PRESET-31;ETANOL HIDRATADO
BADUC-PRESET-32;5095;BADUC;ILHA-02;B;2;PRESET-32;GASOLINA C
BADUC-PRESET-33;5095;BADUC;ILHA-02;B;2;PRESET-33;DIESEL B S10
BADUC-PRESET-34;5095;BADUC;ILHA-02;B;2;PRESET-34;DIESEL B S500
BADUC-PRESET-35;5095;BADUC;ILHA-02;B;2;PRESET-35;ETANOL HIDRATADO
BADUC-PRESET-01;5095;BADUC;ILHA-03;T;2;PRESET-01;GASOLINA C
BADUC-PRESET-02;5095;BADUC;ILHA-03;T;2;PRESET-02;DIESEL MARITIMO
BADUC-PRESET-03;5095;BADUC;ILHA-03;T;2;PRESET-03;ETANOL HIDRATADO
BADUC-PRESET-04;5095;BADUC;ILHA-04;T;2;PRESET-04;GASOLINA C
BADUC-PRESET-05;5095;BADUC;ILHA-04;T;2;PRESET-05;DIESEL B S500
BADUC-PRESET-06;5095;BADUC;ILHA-04;T;2;PRESET-06;ETANOL HIDRATADO
BADUC-PRESET-07;5095;BADUC;ILHA-05;T;2;PRESET-07;GASOLINA C
BADUC-PRESET-08;5095;BADUC;ILHA-05;T;2;PRESET-08;DIESEL B S10
BADUC-PRESET-09;5095;BADUC;ILHA-05;T;2;PRESET-09;ETANOL HIDRATADO
BADUC-PRESET-10;5095;BADUC;ILHA-06;T;2;PRESET-10;GASOLINA C
BADUC-PRESET-11;5095;BADUC;ILHA-06;T;2;PRESET-11;DIESEL B S500
BADUC-PRESET-12;5095;BADUC;ILHA-06;T;2;PRESET-12;DIESEL B S10
BADUC-PRESET-13;5095;BADUC;ILHA-07;B;1;PRESET-13;GASOLINA C
BADUC-PRESET-14;5095;BADUC;ILHA-07;B;1;PRESET-14;DIESEL B S10
BADUC-PRESET-15;5095;BADUC;ILHA-07;B;1;PRESET-15;ETANOL HIDRATADO
BADUC-PRESET-20;5095;BADUC;ILHA-08;T;2;PRESET-20;GASOLINA PODIUM
BADUC-PRESET-21;5095;BADUC;ILHA-08;T;2;PRESET-21;DIESEL MARITIMO
BADUC-PRESET-25;5095;BADUC;ILHA-08;T;2;PRESET-25;DIESEL VERANA
BADUC-PRESET-22;5095;BADUC;ILHA-09;B;1;PRESET-22;GASOLINA C
BADUC-PRESET-23;5095;BADUC;ILHA-09;B;1;PRESET-23;DIESEL MARITIMO
BADUC-PRESET-24;5095;BADUC;ILHA-09;B;1;PRESET-24;ETANOL HIDRATADO
BADUC-PRESET-18;5095;BADUC;ILHA-10;T;2;PRESET-18;DIESEL MARITIMO
BADUC-PRESET-19;5095;BADUC;ILHA-10;T;2;PRESET-19;DIESEL B S10
BADUC-PRESET-26;5095;BADUC;ILHA-10;T;2;PRESET-26;DIESEL B S10
BADUC-PRESET-16;5095;BADUC;ILHA-14;T;2;PRESET-16;DIESEL B S10
BADUC-PRESET-17;5095;BADUC;ILHA-14;T;2;PRESET-17;BIODIESEL B100
BADUC-PRESET-27;5095;BADUC;ILHA-14;T;2;PRESET-27;DIESEL B S10
BAERI-PRESET-27;5064;BAERI;Descarga 1;D;2;PRESET-27;GASOLINA A
BAERI-PRESET-28;5064;BAERI;Descarga 1;D;2;PRESET-28;GASOLINA A
BAERI-PRESET-11;5064;BAERI;Ilha 10;T;2;PRESET-11;DIESEL B S10
BAERI-PRESET-12;5064;BAERI;Ilha 10;T;2;PRESET-12;GASOLINA C
BAERI-PRESET-13;5064;BAERI;Ilha 10;T;2;PRESET-13;ETANOL HIDRATADO
BAERI-PRESET-14;5064;BAERI;Ilha 11;T;2;PRESET-14;DIESEL B S10
BAERI-PRESET-15;5064;BAERI;Ilha 11;T;2;PRESET-15;GASOLINA C
BAERI-PRESET-16;5064;BAERI;Ilha 11;T;2;PRESET-16;ETANOL HIDRATADO
BAERI-PRESET-17;5064;BAERI;Ilha 12;T;2;PRESET-17;DIESEL B S10
BAERI-PRESET-18;5064;BAERI;Ilha 13;B;1;PRESET-18;DIESEL B S10
BAERI-PRESET-19;5064;BAERI;Ilha 13;B;1;PRESET-19;GASOLINA C
BAERI-PRESET-20;5064;BAERI;Ilha 13;B;1;PRESET-20;ETANOL HIDRATADO
BAERI-PRESET-21;5064;BAERI;Ilha 14;B;1;PRESET-21;DIESEL B S10
BAERI-PRESET-22;5064;BAERI;Ilha 15;B;1;PRESET-22;DIESEL B S500
BAERI-PRESET-23;5064;BAERI;Ilha 15;B;1;PRESET-23;GASOLINA C
BAERI-PRESET-24;5064;BAERI;Ilha 15;B;1;PRESET-24;ETANOL HIDRATADO
BAERI-PRESET-29;5064;BAERI;Ilha 17;B;1;PRESET-29;GASOLINA PODIUM
BAERI-PRESET-01;5064;BAERI;Ilha 4;T;2;PRESET-01;DIESEL B S500
BAERI-PRESET-02;5064;BAERI;Ilha 4;T;2;PRESET-02;DIESEL B S10
BAERI-PRESET-03;5064;BAERI;Ilha 6;T;2;PRESET-03;DIESEL B S500
BAERI-PRESET-04;5064;BAERI;Ilha 6;T;2;PRESET-04;ETANOL ANIDRO
BAERI-PRESET-06;5064;BAERI;Ilha 7;T;1;PRESET-06;DIESEL B S10
BAERI-PRESET-07;5064;BAERI;Ilha 8;T;1;PRESET-07;DIESEL B S10
BAERI-PRESET-08;5064;BAERI;Ilha 9;T;2;PRESET-08;DIESEL B S500
BAERI-PRESET-09;5064;BAERI;Ilha 9;T;2;PRESET-09;GASOLINA C
BAERI-PRESET-10;5064;BAERI;Ilha 9;T;2;PRESET-10;ETANOL HIDRATADO
BAFOR-TCD1TEFOR;5029;BAFOR;Descarga 1;D;2;TCD1TEFOR;PRODUTO NÃO DETECTADO
BAFOR-PRESET-13;5029;BAFOR;Ilha 0;T;2;PRESET-13;ETANOL HIDRATADO
BAFOR-PRESET-14;5029;BAFOR;Ilha 0;T;2;PRESET-14;DIESEL B S10
BAFOR-PRESET-15;5029;BAFOR;Ilha 0;T;2;PRESET-15;GASOLINA C
BAFOR-PRESET-01;5029;BAFOR;Ilha 1;T;2;PRESET-01;ETANOL HIDRATADO
BAFOR-PRESET-02;5029;BAFOR;Ilha 1;T;2;PRESET-02;DIESEL B S10
BAFOR-PRESET-03;5029;BAFOR;Ilha 1;T;2;PRESET-03;GASOLINA C
BAFOR-PRESET-04;5029;BAFOR;Ilha 2;T;2;PRESET-04;ETANOL HIDRATADO
BAFOR-PRESET-05;5029;BAFOR;Ilha 2;T;2;PRESET-05;DIESEL B S10
BAFOR-PRESET-06;5029;BAFOR;Ilha 2;T;2;PRESET-06;GASOLINA C
BAFOR-PRESET-07;5029;BAFOR;Ilha 3;T;2;PRESET-07;ETANOL HIDRATADO
BAFOR-PRESET-08;5029;BAFOR;Ilha 3;T;2;PRESET-08;DIESEL B S10
BAFOR-PRESET-09;5029;BAFOR;Ilha 3;T;2;PRESET-09;GASOLINA C
BAFOR-PRESET-10;5029;BAFOR;Ilha 4;T;2;PRESET-10;JET-A
BAFOR-PRESET-11;5029;BAFOR;Ilha 4;T;2;PRESET-11;JET-A
BAFOR-PRESET-12;5029;BAFOR;Ilha 4;T;2;PRESET-12;DIESEL MARITIMO
BAFOR-PRESET-16;5029;BAFOR;Ilha 5;T;2;PRESET-16;GASOLINA C
BAFOR-PRESET-17;5029;BAFOR;Ilha 5;T;2;PRESET-17;DIESEL B S10
BAFOR-PRESET-18;5029;BAFOR;Ilha 6;T;2;PRESET-18;PRODUTO NÃO DETECTADO
BAGAM-PRESET-05;5099;BAGAM;BOTTOM 1;B;1;PRESET-05;DIESEL B S10
BAGAM-PRESET-06;5099;BAGAM;BOTTOM 1;B;1;PRESET-06;DIESEL MARITIMO
BAGAM-PRESET-07;5099;BAGAM;BOTTOM 1;B;1;PRESET-07;ETANOL HIDRATADO
BAGAM-PRESET-08;5099;BAGAM;BOTTOM 1;B;1;PRESET-08;GASOLINA C
BAGAM-PRESET-18;5099;BAGAM;BOTTOM 1;B;1;PRESET-18;DIESEL B S500
BAGAM-PRESET-09;5099;BAGAM;BOTTOM 2;B;1;PRESET-09;DIESEL B S10
BAGAM-PRESET-10;5099;BAGAM;BOTTOM 2;B;1;PRESET-10;JET-A
BAGAM-PRESET-11;5099;BAGAM;BOTTOM 2;B;1;PRESET-11;ETANOL HIDRATADO
BAGAM-PRESET-12;5099;BAGAM;BOTTOM 2;B;1;PRESET-12;GASOLINA C
BAGAM-PRESET-19;5099;BAGAM;BOTTOM 2;B;1;PRESET-19;DIESEL B S500
BAGAM-PRESET-13;5099;BAGAM;BOTTOM 3;B;1;PRESET-13;DIESEL B S500
BAGAM-PRESET-14;5099;BAGAM;BOTTOM 3;B;1;PRESET-14;DIESEL B S10
BAGAM-PRESET-15;5099;BAGAM;BOTTOM 3;B;1;PRESET-15;DIESEL MARITIMO
BAGAM-PRESET-16;5099;BAGAM;BOTTOM 3;B;1;PRESET-16;JET-A
BAGAM-PRESET-20;5099;BAGAM;BOTTOM 3;B;1;PRESET-20;GASOLINA C
BAGAM-PRESET-21;5099;BAGAM;BOTTOM 4;B;1;PRESET-21;DIESEL B S10
BAGAM-PRESET-22;5099;BAGAM;BOTTOM 4;B;1;PRESET-22;DIESEL B S500
BAGAM-PRESET-23;5099;BAGAM;BOTTOM 4;B;1;PRESET-23;GASOLINA C
BAGAM-PRESET-24;5099;BAGAM;BOTTOM 4;B;1;PRESET-24;GASOLINA C
BAGAM-PRESET-25;5099;BAGAM;BOTTOM 4;B;1;PRESET-25;ETANOL HIDRATADO
BAGAM-PRESET-26;5099;BAGAM;BOTTOM 5;B;1;PRESET-26;DIESEL B S10
BAGAM-PRESET-27;5099;BAGAM;BOTTOM 5;B;1;PRESET-27;DIESEL B S500
BAGAM-PRESET-28;5099;BAGAM;BOTTOM 5;B;1;PRESET-28;GASOLINA C
BAGAM-PRESET-29;5099;BAGAM;BOTTOM 5;B;1;PRESET-29;GASOLINA C
BAGAM-PRESET-30;5099;BAGAM;BOTTOM 5;B;1;PRESET-30;ETANOL HIDRATADO
BAGAM-TCD1TEGAM;5099;BAGAM;Descarga1;D;2;TCD1TEGAM;PRODUTO NÃO DETECTADO
BAGAM-TCD2TEGAM;5099;BAGAM;Descarga1;D;2;TCD2TEGAM;PRODUTO NÃO DETECTADO
BAGAM-PRESET-01;5099;BAGAM;Top 1;T;2;PRESET-01;DIESEL B S10
BAGAM-PRESET-02;5099;BAGAM;Top 1;T;2;PRESET-02;DIESEL B S500
BAGAM-PRESET-03;5099;BAGAM;Top 1;T;2;PRESET-03;ETANOL HIDRATADO
BAGAM-PRESET-04;5099;BAGAM;Top 1;T;2;PRESET-04;GASOLINA C
BAGAM-PRESET-17;5099;BAGAM;Top 1;T;2;PRESET-17;GASOLINA C
BAIBA-PRESET-01;5096;BAIBA;ILHA-01;B;2;PRESET-01;DIESEL B S10
BAIBA-PRESET-02;5096;BAIBA;ILHA-01;B;2;PRESET-02;DIESEL B S500
BAIBA-PRESET-03;5096;BAIBA;ILHA-01;B;2;PRESET-03;GASOLINA C
BAIBA-PRESET-04;5096;BAIBA;ILHA-01;B;2;PRESET-04;ETANOL HIDRATADO
BAIBA-PRESET-05;5096;BAIBA;ILHA-02;T;2;PRESET-05;DIESEL B S10 GRID
BAIBA-PRESET-06;5096;BAIBA;ILHA-02;T;2;PRESET-06;DIESEL B S500
BAIBA-PRESET-07;5096;BAIBA;ILHA-02;T;2;PRESET-07;GASOLINA C
BAIBA-PRESET-08;5096;BAIBA;ILHA-02;T;2;PRESET-08;ETANOL HIDRATADO
BAIBA-PRESET-09;5096;BAIBA;ILHA-03;T;1;PRESET-09;PRODUTO NÃO DETECTADO
BAJUI-X;5286;BAJUI;1;TB;2;X;PRODUTO NÃO DETECTADO
BAJUI-X;5286;BAJUI;2;T;2;X;PRODUTO NÃO DETECTADO
BAJUI-X;5286;BAJUI;3;B;1;X;PRODUTO NÃO DETECTADO
BAJUI-X;5286;BAJUI;DESC 1;D;2;X;PRODUTO NÃO DETECTADO
BAJUI-X;5286;BAJUI;DESC 2;D;1;X;PRODUTO NÃO DETECTADO
BAJUI-PRESET-01;5286;BAJUI;ILHA 1;T;2;PRESET-01;PRODUTO NÃO DETECTADO
BAJUI-PRESET-02;5286;BAJUI;ILHA 1;T;2;PRESET-02;PRODUTO NÃO DETECTADO
BAJUI-PRESET-03;5286;BAJUI;ILHA 1;T;2;PRESET-03;PRODUTO NÃO DETECTADO
BAJUI-PRESET-04;5286;BAJUI;ILHA 1;T;2;PRESET-04;PRODUTO NÃO DETECTADO
BAJUI-PRESET-05;5286;BAJUI;ILHA 2;B;2;PRESET-05;PRODUTO NÃO DETECTADO
BAJUI-PRESET-06;5286;BAJUI;ILHA 2;B;2;PRESET-06;PRODUTO NÃO DETECTADO
BAJUI-PRESET-07;5286;BAJUI;ILHA 2;B;2;PRESET-07;PRODUTO NÃO DETECTADO
BAJUI-PRESET-08;5286;BAJUI;ILHA 2;B;2;PRESET-08;PRODUTO NÃO DETECTADO
BAJUI-PRESET-09;5286;BAJUI;ILHA 3;B;1;PRESET-09;DIESEL B S10
BAJUI-PRESET-10;5286;BAJUI;ILHA 3;B;1;PRESET-10;DIESEL B S500
BALEM-SKID01;5255;BALEM;DESCARGA;D;2;SKID01;BIODIESEL B100
BALEM-SKID02;5255;BALEM;DESCARGA;D;2;SKID02;ETANOL HIDRATADO
BALEM-PRESET-1A;5255;BALEM;ILHA 1;T;2;PRESET-1A;GASOLINA C
BALEM-PRESET-1B;5255;BALEM;ILHA 1;T;2;PRESET-1B;DIESEL B S10
BALEM-PRESET-1C;5255;BALEM;ILHA 1;T;2;PRESET-1C;DIESEL B S500
BALEM-PRESET-2A;5255;BALEM;ILHA 2;T;2;PRESET-2A;GASOLINA C
BALEM-PRESET-2B;5255;BALEM;ILHA 2;T;2;PRESET-2B;DIESEL B S500
BALEM-PRESET-3A;5255;BALEM;ILHA 3;T;2;PRESET-3A;GASOLINA C
BALEM-PRESET-3B;5255;BALEM;ILHA 3;T;2;PRESET-3B;DIESEL B S500
BALEM-PRESET-3C;5255;BALEM;ILHA 3;T;2;PRESET-3C;DIESEL B S10
BALEM-PRESET-4A;5255;BALEM;ILHA 4;T;2;PRESET-4A;DIESEL MARITIMO
BALEM-PRESET-4B;5255;BALEM;ILHA 4;T;2;PRESET-4B;DIESEL B S10
BALEM-PRESET-4C;5255;BALEM;ILHA 4;T;2;PRESET-4C;ETANOL HIDRATADO
BALEM-PRESET-5A;5255;BALEM;ILHA 5;T;2;PRESET-5A;DIESEL MARITIMO
BALEM-PRESET-5C;5255;BALEM;ILHA 5;T;2;PRESET-5C;JET-A
BALIS-PRESET-28;5149;BALIS;Ilha - Descarga;D;2;PRESET-28;ETANOL ANIDRO
BALIS-PRESET-29;5149;BALIS;Ilha - Descarga;D;2;PRESET-29;BIODIESEL B100
BALIS-PRESET-01;5149;BALIS;Ilha 1;T;2;PRESET-01;DIESEL B S10
BALIS-PRESET-02;5149;BALIS;Ilha 1;T;2;PRESET-02;JET-A
BALIS-PRESET-03;5149;BALIS;Ilha 2;T;2;PRESET-03;GASOLINA C
BALIS-PRESET-04;5149;BALIS;Ilha 2;T;2;PRESET-04;DIESEL B S10
BALIS-PRESET-05;5149;BALIS;Ilha 2;T;2;PRESET-05;DIESEL B S500
BALIS-PRESET-06;5149;BALIS;Ilha 3;T;2;PRESET-06;GASOLINA C
BALIS-PRESET-07;5149;BALIS;Ilha 3;T;2;PRESET-07;PRODUTO NÃO DETECTADO
BALIS-PRESET-08;5149;BALIS;Ilha 3;T;2;PRESET-08;DIESEL B S10
BALIS-PRESET-09;5149;BALIS;Ilha 3;T;2;PRESET-09;DIESEL B S500
BALIS-PRESET-10;5149;BALIS;Ilha F1;F;2;PRESET-10;PRODUTO NÃO DETECTADO
BALIS-PRESET-11;5149;BALIS;Ilha F1;F;2;PRESET-11;PRODUTO NÃO DETECTADO
BALIS-PRESET-30;5149;BALIS;Ilha F10;F;2;PRESET-30;PRODUTO NÃO DETECTADO
BALIS-PRESET-31;5149;BALIS;Ilha F10;F;2;PRESET-31;PRODUTO NÃO DETECTADO
BALIS-PRESET-12;5149;BALIS;Ilha F2;F;2;PRESET-12;PRODUTO NÃO DETECTADO
BALIS-PRESET-13;5149;BALIS;Ilha F2;F;2;PRESET-13;PRODUTO NÃO DETECTADO
BALIS-PRESET-14;5149;BALIS;Ilha F3;F;2;PRESET-14;PRODUTO NÃO DETECTADO
BALIS-PRESET-15;5149;BALIS;Ilha F3;F;2;PRESET-15;PRODUTO NÃO DETECTADO
BALIS-PRESET-16;5149;BALIS;Ilha F4;F;2;PRESET-16;PRODUTO NÃO DETECTADO
BALIS-PRESET-17;5149;BALIS;Ilha F4;F;2;PRESET-17;PRODUTO NÃO DETECTADO
BALIS-PRESET-18;5149;BALIS;Ilha F5;F;2;PRESET-18;PRODUTO NÃO DETECTADO
BALIS-PRESET-19;5149;BALIS;Ilha F5;F;2;PRESET-19;PRODUTO NÃO DETECTADO
BALIS-PRESET-20;5149;BALIS;Ilha F6;F;2;PRESET-20;PRODUTO NÃO DETECTADO
BALIS-PRESET-21;5149;BALIS;Ilha F6;F;2;PRESET-21;PRODUTO NÃO DETECTADO
BALIS-PRESET-22;5149;BALIS;Ilha F7;F;2;PRESET-22;PRODUTO NÃO DETECTADO
BALIS-PRESET-23;5149;BALIS;Ilha F7;F;2;PRESET-23;PRODUTO NÃO DETECTADO
BALIS-PRESET-24;5149;BALIS;Ilha F8;F;2;PRESET-24;PRODUTO NÃO DETECTADO
BALIS-PRESET-25;5149;BALIS;Ilha F8;F;2;PRESET-25;PRODUTO NÃO DETECTADO
BALIS-PRESET-26;5149;BALIS;Ilha F9;F;2;PRESET-26;PRODUTO NÃO DETECTADO
BALIS-PRESET-27;5149;BALIS;Ilha F9;F;2;PRESET-27;PRODUTO NÃO DETECTADO
BALON-PRESET-01;5333;BALON;Ilha-01;B;2;PRESET-01;GASOLINA PODIUM
BALON-PRESET-02;5333;BALON;Ilha-01;B;2;PRESET-02;DIESEL B S10
BALON-PRESET-03;5333;BALON;Ilha-01;B;2;PRESET-03;DIESEL B S500
BALON-PRESET-04;5333;BALON;Ilha-01;B;2;PRESET-04;GASOLINA C
BALON-PRESET-05;5333;BALON;Ilha-01;B;2;PRESET-05;ETANOL HIDRATADO
BALON-PRESET-06;5333;BALON;Ilha-01;B;2;PRESET-06;DIESEL B S10
BALON-PRESET-07;5333;BALON;Ilha-02;T;2;PRESET-07;DIESEL B S10
BALON-PRESET-08;5333;BALON;Ilha-02;T;2;PRESET-08;DIESEL B S10
BALON-PRESET-09;5333;BALON;Ilha-02;T;2;PRESET-09;DIESEL B S500
BALON-PRESET-10;5333;BALON;Ilha-02;T;2;PRESET-10;ETANOL HIDRATADO
BALON-PRESET-11;5333;BALON;Ilha-02;T;2;PRESET-11;GASOLINA C
BAMAB-7;5324;BAMAB;ILHA 1;T;1;7;PRODUTO NÃO DETECTADO
BAMAB-8;5324;BAMAB;ILHA 1;T;1;8;PRODUTO NÃO DETECTADO
BAMAB-X;5324;BAMAB;ILHA 2;T;2;X;PRODUTO NÃO DETECTADO
BAMAB-6;5324;BAMAB;ILHA 3;T;1;6;PRODUTO NÃO DETECTADO
BAMAC-X;5231;BAMAC;Plect_1;C;2;X;PRODUTO NÃO DETECTADO
BAMAC-X;5231;BAMAC;Plect_2;C;2;X;PRODUTO NÃO DETECTADO
BAMAC-X;5231;BAMAC;Plect_3;C;2;X;PRODUTO NÃO DETECTADO
BAMAN-PRESET-01;5091;BAMAN;Ilha 1;T;2;PRESET-01;ETANOL HIDRATADO
BAMAN-PRESET-02;5091;BAMAN;Ilha 1;T;2;PRESET-02;DIESEL B S500
BAMAN-PRESET-03;5091;BAMAN;Ilha 1;T;2;PRESET-03;GASOLINA C
BAMAN-PRESET-05;5091;BAMAN;Ilha 1;T;2;PRESET-05;DIESEL B S10
BAMAN-PRESET-06;5091;BAMAN;Ilha 2;T;2;PRESET-06;GASOLINA C
BAMAN-PRESET-07;5091;BAMAN;Ilha 2;T;2;PRESET-07;ETANOL HIDRATADO
BAMAN-PRESET-08;5091;BAMAN;Ilha 2;T;2;PRESET-08;DIESEL B S10
BAMAN-PRESET-09;5091;BAMAN;Ilha 2;T;2;PRESET-09;JET-A
BAMAN-PRESET-10;5091;BAMAN;Ilha 2;T;2;PRESET-10;DIESEL B S500
BAMAN-PRESET-11;5091;BAMAN;Ilha 3;T;2;PRESET-11;DIESEL MARITIMO
BAMAN-PRESET-12;5091;BAMAN;Ilha 3;T;2;PRESET-12;ETANOL HIDRATADO
BAMAN-PRESET-13;5091;BAMAN;Ilha 3;T;2;PRESET-13;GASOLINA C
BAMAN-PRESET-14;5091;BAMAN;Ilha 3;T;2;PRESET-14;JET-A
BAMAN-PRESET-15;5091;BAMAN;Ilha 3;T;2;PRESET-15;DIESEL B S10
BAMAN-PRESET-16;5091;BAMAN;Ilha 4;T;2;PRESET-16;PRODUTO NÃO DETECTADO
BAMAN-PRESET-17;5091;BAMAN;Ilha 4;T;2;PRESET-17;JET-A
BAMAT-TCD1TEMAT;5080;BAMAT;Descarga;D;2;TCD1TEMAT;PRODUTO NÃO DETECTADO
BAMAT-TCD2TEMAT;5080;BAMAT;Descarga;D;2;TCD2TEMAT;PRODUTO NÃO DETECTADO
BAMAT-PRESET-01;5080;BAMAT;Ilha A;T;2;PRESET-01;DIESEL B S500
BAMAT-PRESET-02;5080;BAMAT;Ilha B;T;2;PRESET-02;JET-A
BAMAT-PRESET-03;5080;BAMAT;Ilha B;T;2;PRESET-03;JET-A
BAMAT-PRESET-04;5080;BAMAT;Ilha C;T;2;PRESET-04;GASOLINA C
BAMAT-PRESET-05;5080;BAMAT;Ilha C;T;2;PRESET-05;ETANOL HIDRATADO
BAMAT-PRESET-06;5080;BAMAT;Ilha C;T;2;PRESET-06;DIESEL B S10
BAMAT-PRESET-40;5080;BAMAT;Ilha C;T;2;PRESET-40;DIESEL B S500
BAMAT-PRESET-07;5080;BAMAT;Ilha D;T;2;PRESET-07;GASOLINA C
BAMAT-PRESET-08;5080;BAMAT;Ilha D;T;2;PRESET-08;ETANOL HIDRATADO
BAMAT-PRESET-09;5080;BAMAT;Ilha D;T;2;PRESET-09;DIESEL B S10
BAMAT-PRESET-10;5080;BAMAT;Ilha E;T;2;PRESET-10;DIESEL B S500
BAMAT-PRESET-12;5080;BAMAT;Ilha E;T;2;PRESET-12;DIESEL B S10
BAMAT-PRESET-13;5080;BAMAT;Ilha E;T;2;PRESET-13;DIESEL B S500
BAMAT-PRESET-41;5080;BAMAT;Ilha E;T;2;PRESET-41;DIESEL B S10
BAMAT-PRESET-16;5080;BAMAT;Ilha F;T;2;PRESET-16;GASOLINA C
BAMAT-PRESET-17;5080;BAMAT;Ilha F;T;2;PRESET-17;DIESEL B S10
BAMAT-PRESET-18;5080;BAMAT;Ilha F;T;2;PRESET-18;ETANOL HIDRATADO
BAMAT-PRESET-19;5080;BAMAT;Ilha G;T;2;PRESET-19;GASOLINA C
BAMAT-PRESET-20;5080;BAMAT;Ilha G;T;2;PRESET-20;DIESEL B S10
BAMAT-PRESET-21;5080;BAMAT;Ilha G;T;2;PRESET-21;DIESEL B S500
BAMAT-PRESET-22;5080;BAMAT;Ilha H;T;2;PRESET-22;GASOLINA C
BAMAT-PRESET-23;5080;BAMAT;Ilha H;T;2;PRESET-23;ETANOL HIDRATADO
BAMAT-PRESET-24;5080;BAMAT;Ilha H;T;2;PRESET-24;DIESEL B S10
BAMAT-PRESET-25;5080;BAMAT;Ilha I;T;2;PRESET-25;GASOLINA C
BAMAT-PRESET-26;5080;BAMAT;Ilha I;T;2;PRESET-26;ETANOL HIDRATADO
BAMAT-PRESET-27;5080;BAMAT;Ilha I;T;2;PRESET-27;DIESEL B S10
BAMAT-PRESET-28;5080;BAMAT;Ilha J;T;2;PRESET-28;GASOLINA PODIUM
BAMAT-PRESET-29;5080;BAMAT;Ilha J;T;2;PRESET-29;DIESEL B S10
BAMAT-PRESET-30;5080;BAMAT;Ilha J;T;2;PRESET-30;DIESEL MARITIMO
BAMAT-PRESET-32;5080;BAMAT;Ilha K;B;1;PRESET-32;PRODUTO NÃO DETECTADO
BAMAT-PRESET-33;5080;BAMAT;Ilha K;B;1;PRESET-33;DIESEL B S10
BAMAT-PRESET-38;5080;BAMAT;Ilha K;B;1;PRESET-38;ETANOL HIDRATADO
BAMAT-PRESET-34;5080;BAMAT;Ilha L;B;1;PRESET-34;GASOLINA C
BAMAT-PRESET-35;5080;BAMAT;Ilha L;B;1;PRESET-35;DIESEL B S500
BAMAT-PRESET-39;5080;BAMAT;Ilha L;B;1;PRESET-39;ETANOL HIDRATADO
BAMAT-PRESET-42;5080;BAMAT;SKID-03;D;1;PRESET-42;BIODIESEL B100
BAMAT-PRESET-43;5080;BAMAT;SKID-04;D;1;PRESET-43;ETANOL HIDRATADO
BAMAT-PRESET-44;5080;BAMAT;SKID-05;D;1;PRESET-44;ETANOL ANIDRO
BANOAS-Ac1;5068;BANOAS;Descarga1;D;1;Ac1;PRODUTO NÃO DETECTADO
BANOAS-Ac2;5068;BANOAS;Descarga2;D;1;Ac2;PRODUTO NÃO DETECTADO
BANOAS-Ac3;5068;BANOAS;Descarga3;D;1;Ac3;PRODUTO NÃO DETECTADO
BANOAS-PRESET-01;5068;BANOAS;Ilha A-1;B2;2;PRESET-01;DIESEL B S10
BANOAS-PRESET-02;5068;BANOAS;Ilha A-1;B2;2;PRESET-02;ETANOL HIDRATADO
BANOAS-PRESET-03;5068;BANOAS;Ilha A-1;B2;2;PRESET-03;GASOLINA C
BANOAS-PRESET-04;5068;BANOAS;Ilha A-1;B2;2;PRESET-04;DIESEL B S500
BANOAS-PRESET-05;5068;BANOAS;Ilha A-2;B2;2;PRESET-05;ETANOL HIDRATADO
BANOAS-PRESET-06;5068;BANOAS;Ilha A-2;B2;2;PRESET-06;DIESEL B S500
BANOAS-PRESET-07;5068;BANOAS;Ilha A-2;B2;2;PRESET-07;GASOLINA C
BANOAS-PRESET-08;5068;BANOAS;Ilha A-2;B2;2;PRESET-08;DIESEL B S10
BANOAS-PRESET-09;5068;BANOAS;Ilha A-3;B2;2;PRESET-09;DIESEL B S10
BANOAS-PRESET-10;5068;BANOAS;Ilha A-3;B2;2;PRESET-10;DIESEL B S500
BANOAS-PRESET-11;5068;BANOAS;Ilha A-3;B2;2;PRESET-11;GASOLINA C
BANOAS-PRESET-12;5068;BANOAS;Ilha A-3;B2;2;PRESET-12;ETANOL HIDRATADO
BANOAS-PRESET-13;5068;BANOAS;Ilha A-4;B2;2;PRESET-13;DIESEL B S10
BANOAS-PRESET-14;5068;BANOAS;Ilha A-4;B2;2;PRESET-14;DIESEL B S500
BANOAS-PRESET-15;5068;BANOAS;Ilha A-4;B2;2;PRESET-15;GASOLINA C
BANOAS-PRESET-16;5068;BANOAS;Ilha A-4;B2;2;PRESET-16;ETANOL HIDRATADO
BANOAS-PRESET-17;5068;BANOAS;Ilha A-5;B2;2;PRESET-17;DIESEL B S10
BANOAS-PRESET-18;5068;BANOAS;Ilha A-5;B2;2;PRESET-18;ETANOL HIDRATADO
BANOAS-PRESET-19;5068;BANOAS;Ilha A-5;B2;2;PRESET-19;GASOLINA C
BANOAS-PRESET-20;5068;BANOAS;Ilha A-5;B2;2;PRESET-20;DIESEL B S500
BANOAS-PRESET-21;5068;BANOAS;Ilha A-6;B2;2;PRESET-21;DIESEL B S500
BANOAS-PRESET-22;5068;BANOAS;Ilha A-6;B2;2;PRESET-22;ETANOL HIDRATADO
BANOAS-PRESET-23;5068;BANOAS;Ilha A-6;B2;2;PRESET-23;GASOLINA C
BANOAS-PRESET-24;5068;BANOAS;Ilha A-6;B2;2;PRESET-24;DIESEL B S10
BANOAS-PRESET-25;5068;BANOAS;Ilha B-1;B2;2;PRESET-25;PRODUTO NÃO DETECTADO
BANOAS-PRESET-26;5068;BANOAS;Ilha B-1;B2;2;PRESET-26;PRODUTO NÃO DETECTADO
BANOAS-PRESET-27;5068;BANOAS;Ilha B-1;B2;2;PRESET-27;PRODUTO NÃO DETECTADO
BANOAS-PRESET-28;5068;BANOAS;Ilha B-2;B2;2;PRESET-28;PRODUTO NÃO DETECTADO
BANOAS-PRESET-29;5068;BANOAS;Ilha B-2;B2;2;PRESET-29;PRODUTO NÃO DETECTADO
BANOAS-PRESET-30;5068;BANOAS;Ilha B-2;B2;2;PRESET-30;PRODUTO NÃO DETECTADO
BANOAS-PRESET-31;5068;BANOAS;Ilha B-3;B2;2;PRESET-31;JET-A
BANOAS-PRESET-32;5068;BANOAS;Ilha B-3;B2;2;PRESET-32;JET-A
BANOAS-PRESET-62;5068;BANOAS;Ilha B-4;B;2;PRESET-62;OLEO COMBUSTIVEL A1
BANOAS-PRESET-63;5068;BANOAS;Ilha B-4;B;2;PRESET-63;OLEO COMBUSTIVEL A1
BANOAS-PRESET-33;5068;BANOAS;Ilha C-1;B2;2;PRESET-33;GASOLINA C
BANOAS-PRESET-34;5068;BANOAS;Ilha C-1;B2;2;PRESET-34;DIESEL B S10
BANOAS-PRESET-35;5068;BANOAS;Ilha C-1;B2;2;PRESET-35;DIESEL B S500
BANOAS-PRESET-36;5068;BANOAS;Ilha C-1;B2;2;PRESET-36;ETANOL HIDRATADO
BANOAS-PRESET-39;5068;BANOAS;Ilha C-2;B2;2;PRESET-39;GASOLINA C
BANOAS-PRESET-40;5068;BANOAS;Ilha C-2;B2;2;PRESET-40;DIESEL B S500
BANOAS-PRESET-41;5068;BANOAS;Ilha C-2;B2;2;PRESET-41;DIESEL B S10
BANOAS-PRESET-42;5068;BANOAS;Ilha C-2;B2;2;PRESET-42;ETANOL HIDRATADO
BANOAS-PRESET-45;5068;BANOAS;Ilha C-3;B2;2;PRESET-45;GASOLINA C
BANOAS-PRESET-46;5068;BANOAS;Ilha C-3;B2;2;PRESET-46;DIESEL B S10
BANOAS-PRESET-47;5068;BANOAS;Ilha C-3;B2;2;PRESET-47;DIESEL B S500
BANOAS-PRESET-48;5068;BANOAS;Ilha C-3;B2;2;PRESET-48;ETANOL HIDRATADO
BANOAS-PRESET-51;5068;BANOAS;Ilha C-4;B;1;PRESET-51;PRODUTO NÃO DETECTADO
BANOAS-PRESET-52;5068;BANOAS;Ilha C-4;B;1;PRESET-52;PRODUTO NÃO DETECTADO
BANOAS-PRESET-53;5068;BANOAS;Ilha C-4;B;1;PRESET-53;OUTROS
BANOAS-PRESET-54;5068;BANOAS;Ilha C-4;B;1;PRESET-54;PRODUTO NÃO DETECTADO
BANOAS-PRESET-55;5068;BANOAS;Ilha C-5;B;1;PRESET-55;PRODUTO NÃO DETECTADO
BANOAS-PRESET-56;5068;BANOAS;Ilha C-5;B;1;PRESET-56;PRODUTO NÃO DETECTADO
BANOAS-PRESET-57;5068;BANOAS;Ilha C-5;B;1;PRESET-57;PRODUTO NÃO DETECTADO
BANOAS-PRESET-58;5068;BANOAS;Ilha C-5;B;1;PRESET-58;PRODUTOS QUIMICOS
BANOAS-PRESET-59;5068;BANOAS;Ilha C-6;B;1;PRESET-59;GASOLINA PODIUM
BANOAS-PRESET-60;5068;BANOAS;Ilha C-6;B;1;PRESET-60;OUTROS
BANOAS-PRESET-61;5068;BANOAS;Ilha C-6;B;1;PRESET-61;PRODUTO NÃO DETECTADO
BANOAS-PRESET-37;5068;BANOAS;Ilha C1/C2;B;0;PRESET-37;PRODUTO NÃO DETECTADO
BANOAS-PRESET-38;5068;BANOAS;Ilha C1/C2;B;0;PRESET-38;PRODUTO NÃO DETECTADO
BANOAS-PRESET-43;5068;BANOAS;Ilha C2/C3;B;0;PRESET-43;PRODUTO NÃO DETECTADO
BANOAS-PRESET-44;5068;BANOAS;Ilha C2/C3;B;0;PRESET-44;PRODUTO NÃO DETECTADO
BANOAS-PRESET-49;5068;BANOAS;Ilha C3/C4;B;0;PRESET-49;PRODUTO NÃO DETECTADO
BANOAS-PRESET-50;5068;BANOAS;Ilha C3/C4;B;0;PRESET-50;PRODUTO NÃO DETECTADO
BAPLAN-PRESET-19;5065;BAPLAN;A - Ilha 1;T;2;PRESET-19;ETANOL HIDRATADO
BAPLAN-PRESET-20;5065;BAPLAN;A - Ilha 1;T;2;PRESET-20;DIESEL B S10
BAPLAN-PRESET-21;5065;BAPLAN;A - Ilha 1;T;2;PRESET-21;GASOLINA C
BAPLAN-PRESET-16;5065;BAPLAN;A - Ilha 2;T;2;PRESET-16;ETANOL HIDRATADO
BAPLAN-PRESET-17;5065;BAPLAN;A - Ilha 2;T;2;PRESET-17;DIESEL B S10
BAPLAN-PRESET-18;5065;BAPLAN;A - Ilha 2;T;2;PRESET-18;GASOLINA C
BAPLAN-PRESET-13;5065;BAPLAN;A - Ilha 3;T;2;PRESET-13;DIESEL B S10
BAPLAN-PRESET-14;5065;BAPLAN;A - Ilha 3;T;2;PRESET-14;ETANOL HIDRATADO
BAPLAN-PRESET-15;5065;BAPLAN;A - Ilha 3;T;2;PRESET-15;GASOLINA PODIUM
BAPLAN-PRESET-10;5065;BAPLAN;A - Ilha 4;B;2;PRESET-10;DIESEL B S10
BAPLAN-PRESET-11;5065;BAPLAN;A - Ilha 4;B;2;PRESET-11;ETANOL HIDRATADO
BAPLAN-PRESET-26;5065;BAPLAN;A - Ilha 4;B;2;PRESET-26;GASOLINA C
BAPLAN-PRESET-07;5065;BAPLAN;A - Ilha 5;B;1;PRESET-07;DIESEL B S10
BAPLAN-PRESET-08;5065;BAPLAN;A - Ilha 5;B;1;PRESET-08;DIESEL B S500
BAPLAN-PRESET-09;5065;BAPLAN;A - Ilha 5;B;1;PRESET-09;GASOLINA C
BAPLAN-PRESET-12;5065;BAPLAN;A - Ilha 5;B;1;PRESET-12;ETANOL HIDRATADO
BAPLAN-PRESET-04;5065;BAPLAN;A - Ilha 6;T;2;PRESET-04;DIESEL B S10
BAPLAN-PRESET-05;5065;BAPLAN;A - Ilha 6;T;2;PRESET-05;ETANOL HIDRATADO
BAPLAN-PRESET-06;5065;BAPLAN;A - Ilha 6;T;2;PRESET-06;GASOLINA C
BAPLAN-PRESET-01;5065;BAPLAN;A - Ilha 7;T;2;PRESET-01;DIESEL B S10
BAPLAN-PRESET-02;5065;BAPLAN;A - Ilha 7;T;2;PRESET-02;ETANOL HIDRATADO
BAPLAN-PRESET-03;5065;BAPLAN;A - Ilha 7;T;2;PRESET-03;GASOLINA C
BAPLAN-PRESET-22;5065;BAPLAN;B - Ilha 1;B;2;PRESET-22;DIESEL B S10
BAPLAN-PRESET-28;5065;BAPLAN;B - Ilha 1;B;2;PRESET-28;DIESEL B S500
BAPLAN-PRESET-29;5065;BAPLAN;B - Ilha 1;B;2;PRESET-29;GASOLINA A
BAPLAN-PRESET-23;5065;BAPLAN;B - Ilha 2;B;2;PRESET-23;DIESEL B S10
BAPLAN-PRESET-24;5065;BAPLAN;B - Ilha 2;B;2;PRESET-24;DIESEL B S10
BAPLAN-PRESET-36;5065;BAPLAN;B - Ilha 2;B;2;PRESET-36;GASOLINA A
BAPLAN-M2;5065;BAPLAN;B - Ilha 3;B;2;M2;PRODUTO NÃO DETECTADO
BAPLAN-PRESET-25;5065;BAPLAN;B - Ilha 3;B;2;PRESET-25;DIESEL B S500
BAPLAN-PRESET-27;5065;BAPLAN;B - Ilha 3;B;2;PRESET-27;DIESEL B S10
BAPLAN-PRESET-37;5065;BAPLAN;B - Ilha 3;B;2;PRESET-37;GASOLINA A
BAPLAN-PRESET-30;5065;BAPLAN;B - Ilha 4;T;2;PRESET-30;PRODUTO NÃO DETECTADO
BAPLAN-PRESET-31;5065;BAPLAN;C - Ilha 1;B;2;PRESET-31;JET-A
BAPLAN-PRESET-32;5065;BAPLAN;C - Ilha 1;B;2;PRESET-32;JET-A
BAPLAN-PRESET-33;5065;BAPLAN;C - Ilha 2;B;2;PRESET-33;JET-A
BAPLAN-PRESET-34;5065;BAPLAN;C - Ilha 2;B;2;PRESET-34;JET-A
BAPLAN-PRESET-35;5065;BAPLAN;C - Ilha 2;B;2;PRESET-35;PRODUTO NÃO DETECTADO
BAPLAN-Skid01;5065;BAPLAN;Descarga Skid;D;1;Skid01;PRODUTO NÃO DETECTADO
BAPON-PRESET-01;5238;BAPON;Ilha C1;B;1;PRESET-01;DIESEL B S500
BAPON-PRESET-02;5238;BAPON;Ilha C1;B;1;PRESET-02;DIESEL B S10
BAPON-PRESET-03;5238;BAPON;Ilha C1;B;1;PRESET-03;GASOLINA C
BAPON-PRESET-04;5238;BAPON;Ilha C1;B;1;PRESET-04;ETANOL HIDRATADO
BAPON-PRESET-05;5238;BAPON;Ilha C2;T;2;PRESET-05;DIESEL B S500
BAPON-PRESET-06;5238;BAPON;Ilha C2;T;2;PRESET-06;DIESEL B S10
BAPON-PRESET-07;5238;BAPON;Ilha C2;T;2;PRESET-07;GASOLINA C
BAPON-PRESET-08;5238;BAPON;Ilha C2;T;2;PRESET-08;ETANOL HIDRATADO
BAPON-PRESET-09;5238;BAPON;Ilha C3;T;2;PRESET-09;DIESEL B S500
BAPON-PRESET-10;5238;BAPON;Ilha C3;T;2;PRESET-10;DIESEL B S10
BAPON-PRESET-11;5238;BAPON;Ilha C3;T;2;PRESET-11;GASOLINA C
BAPON-PRESET-12;5238;BAPON;Ilha D1;D;2;PRESET-12;PRODUTO NÃO DETECTADO
BAPON-PRESET-13;5238;BAPON;Ilha D1;D;2;PRESET-13;ETANOL ANIDRO
BAPON-PRESET-14;5238;BAPON;Ilha D2;D;2;PRESET-14;ETANOL ANIDRO
BAPON-PRESET-15;5238;BAPON;Ilha D2;D;2;PRESET-15;ETANOL ANIDRO
BAPON-PRESET-16;5238;BAPON;Ilha D3;D;2;PRESET-16;ETANOL ANIDRO
BAPON-PRESET-17;5238;BAPON;Ilha D3;D;2;PRESET-17;BIODIESEL B100
BAPON-PRESET-18;5238;BAPON;Ilha D4;D;2;PRESET-18;DIESEL A S10
BAPON-PRESET-19;5238;BAPON;Ilha D4;D;2;PRESET-19;DIESEL A S10
BAPON-PRESET-20;5238;BAPON;Ilha D5;D;2;PRESET-20;PRODUTO NÃO DETECTADO
BAPON-PRESET-21;5238;BAPON;Ilha D5;D;2;PRESET-21;BIODIESEL B100
BAPON-PRESET-22;5238;BAPON;Ilha F1;F;2;PRESET-22;PRODUTO NÃO DETECTADO
BAPON-PRESET-23;5238;BAPON;Ilha F1;F;2;PRESET-23;PRODUTO NÃO DETECTADO
BAPON-PRESET-24;5238;BAPON;Ilha F2;F;2;PRESET-24;PRODUTO NÃO DETECTADO
BAPON-PRESET-25;5238;BAPON;Ilha F2;F;2;PRESET-25;PRODUTO NÃO DETECTADO
BAPON-PRESET-26;5238;BAPON;Ilha F3;F;2;PRESET-26;PRODUTO NÃO DETECTADO
BAPON-PRESET-27;5238;BAPON;Ilha F3;F;2;PRESET-27;PRODUTO NÃO DETECTADO
BAPON-PRESET-28;5238;BAPON;Ilha F4;F;2;PRESET-28;PRODUTO NÃO DETECTADO
BAPON-PRESET-29;5238;BAPON;Ilha F4;F;2;PRESET-29;PRODUTO NÃO DETECTADO
BAPON-PRESET-30;5238;BAPON;Ilha F5;F;2;PRESET-30;PRODUTO NÃO DETECTADO
BAPON-PRESET-31;5238;BAPON;Ilha F5;F;2;PRESET-31;PRODUTO NÃO DETECTADO
BAPON-PRESET-32;5238;BAPON;Ilha F6;F;2;PRESET-32;PRODUTO NÃO DETECTADO
BAPON-PRESET-33;5238;BAPON;Ilha F6;F;2;PRESET-33;PRODUTO NÃO DETECTADO
BAPON-PRESET-34;5238;BAPON;Ilha F7;F;2;PRESET-34;PRODUTO NÃO DETECTADO
BAPON-PRESET-35;5238;BAPON;Ilha F7;F;2;PRESET-35;PRODUTO NÃO DETECTADO
BAPON-PRESET-36;5238;BAPON;Ilha F8;F;2;PRESET-36;PRODUTO NÃO DETECTADO
BAPON-PRESET-37;5238;BAPON;Ilha F8;F;2;PRESET-37;PRODUTO NÃO DETECTADO
BARAC-X;5145;BARAC;1;C;2;X;PRODUTO NÃO DETECTADO
BARIB-X;0;BARIB;X;X;2;X;PRODUTO NÃO DETECTADO
BASPA-PRESET-10-1;5059;BASPA;Ilha 10;T;2;PRESET-10-1;DIESEL B S500
BASPA-PRESET-10-2;5059;BASPA;Ilha 10;T;2;PRESET-10-2;GASOLINA C
BASPA-PRESET-10-3;5059;BASPA;Ilha 10;T;2;PRESET-10-3;ETANOL HIDRATADO
BASPA-PRESET-11-1;5059;BASPA;Ilha 11;B2;2;PRESET-11-1;DIESEL B S10
BASPA-PRESET-11-2;5059;BASPA;Ilha 11;B2;2;PRESET-11-2;GASOLINA C
BASPA-PRESET-11-3;5059;BASPA;Ilha 11;B2;2;PRESET-11-3;ETANOL HIDRATADO
BASPA-PRESET-12-1;5059;BASPA;Ilha 12;B;1;PRESET-12-1;DIESEL B S10
BASPA-PRESET-12-2;5059;BASPA;Ilha 12;B;1;PRESET-12-2;ETANOL HIDRATADO
BASPA-PRESET-12-3;5059;BASPA;Ilha 12;B;1;PRESET-12-3;GASOLINA C
BASPA-PRESET-13-1;5059;BASPA;Ilha 13;B;1;PRESET-13-1;GASOLINA C
BASPA-PRESET-13-2;5059;BASPA;Ilha 13;B;1;PRESET-13-2;ETANOL HIDRATADO
BASPA-1459;5059;BASPA;Ilha 14a;B;1;1459;OUTROS
BASPA-1460;5059;BASPA;Ilha 14a;B;1;1460;ETANOL ANIDRO
BASPA-1462;5059;BASPA;Ilha 14a;B;1;1462;PRODUTO NÃO DETECTADO
BASPA-1451;5059;BASPA;Ilha 14b;B;1;1451;OUTROS
BASPA-1453;5059;BASPA;Ilha 14b;B;1;1453;OUTROS
BASPA-1454;5059;BASPA;Ilha 14b;B;1;1454;OUTROS
BASPA-1461;5059;BASPA;Ilha 14b;B;1;1461;OUTROS
BASPA-1445;5059;BASPA;Ilha 15a;B;1;1445;PRODUTO NÃO DETECTADO
BASPA-1449;5059;BASPA;Ilha 15a;B;1;1449;PRODUTO NÃO DETECTADO
BASPA-1458;5059;BASPA;Ilha 15a;B;1;1458;OUTROS
BASPA-1452;5059;BASPA;Ilha 15b;B;1;1452;OUTROS
BASPA-1455;5059;BASPA;Ilha 15b;B;1;1455;OUTROS
BASPA-1456;5059;BASPA;Ilha 15b;B;1;1456;PRODUTOS QUIMICOS
BASPA-1457;5059;BASPA;Ilha 15b;B;1;1457;OUTROS
BASPA-SKD03A;5059;BASPA;Ilha 3;D;2;SKD03A;ETANOL ANIDRO
BASPA-SKD04A;5059;BASPA;Ilha 4;D;2;SKD04A;ETANOL HIDRATADO
BASPA-SKD05A;5059;BASPA;Ilha 5;D;2;SKD05A;DIESEL A S500
BASPA-SKD05B;5059;BASPA;Ilha 5;D;2;SKD05B;BIODIESEL B100
BASPA-PRESET-6-1;5059;BASPA;Ilha 6;T;2;PRESET-6-1;BIODIESEL B100
BASPA-PRESET-7-1;5059;BASPA;Ilha 7;T;2;PRESET-7-1;DIESEL B S10
BASPA-PRESET-7-2;5059;BASPA;Ilha 7;T;2;PRESET-7-2;DIESEL B S10
BASPA-PRESET-8-1;5059;BASPA;Ilha 8;T;2;PRESET-8-1;DIESEL B S10
BASPA-PRESET-8-2;5059;BASPA;Ilha 8;T;2;PRESET-8-2;GASOLINA C
BASPA-PRESET-8-3;5059;BASPA;Ilha 8;T;2;PRESET-8-3;ETANOL HIDRATADO
BASPA-PRESET-9-1;5059;BASPA;Ilha 9;T;2;PRESET-9-1;DIESEL B S10
BASPA-PRESET-9-2;5059;BASPA;Ilha 9;T;2;PRESET-9-2;GASOLINA PODIUM
BASPA-PRESET-9-3;5059;BASPA;Ilha 9;T;2;PRESET-9-3;DIESEL B S500
BASUL II-PRESET-01;5254;BASUL II;ILHA-01;T;2;PRESET-01;PRODUTO NÃO DETECTADO
BASUL II-PRESET-02;5254;BASUL II;ILHA-01;T;2;PRESET-02;PRODUTO NÃO DETECTADO
BASUL II-PRESET-03;5254;BASUL II;ILHA-01;T;2;PRESET-03;PRODUTO NÃO DETECTADO
BASUL II-PRESET-04;5254;BASUL II;ILHA-01;T;2;PRESET-04;DIESEL B S500
BASUL II-PRESET-05;5254;BASUL II;ILHA-01;T;2;PRESET-05;DIESEL B S500
BATAQ-PRESET-01;5016;BATAQ;PLECT-1;T;2;PRESET-01;GASOLINA C
BATAQ-PRESET-02;5016;BATAQ;PLECT-1;T;2;PRESET-02;ETANOL GRID
BATAQ-PRESET-03;5016;BATAQ;PLECT-1;T;2;PRESET-03;DIESEL B S10
BATAQ-PRESET-04;5016;BATAQ;PLECT-1;T;2;PRESET-04;DIESEL B S10
BATAQ-PRESET-05;5016;BATAQ;PLECT-2;T;2;PRESET-05;GASOLINA C
BATAQ-PRESET-06;5016;BATAQ;PLECT-2;T;2;PRESET-06;ETANOL HIDRATADO
BATAQ-PRESET-07;5016;BATAQ;PLECT-2;T;2;PRESET-07;DIESEL B S10
BATAQ-PRESET-08;5016;BATAQ;PLECT-2;T;2;PRESET-08;DIESEL B S500
BATAQ-PRESET-09;5016;BATAQ;PLECT-3;T;2;PRESET-09;GASOLINA C
BATAQ-PRESET-10;5016;BATAQ;PLECT-3;T;2;PRESET-10;DIESEL B S500
BATAQ-PRESET-11;5016;BATAQ;PLECT-3;T;2;PRESET-11;DIESEL B S10
BATAQ-PRESET-12;5016;BATAQ;PLECT-3;T;2;PRESET-12;DIESEL B S10
BAURU-PRESET-01;5163;BAURU;ILHA 1;B;1;PRESET-01;GASOLINA C
BAURU-PRESET-02;5163;BAURU;ILHA 1;B;1;PRESET-02;DIESEL B S10
BAURU-PRESET-03;5163;BAURU;ILHA 1;B;1;PRESET-03;DIESEL B S500
BAURU-PRESET-04;5163;BAURU;ILHA 1;B;1;PRESET-04;ETANOL HIDRATADO
BAURU-PRESET-05;5163;BAURU;ILHA 2;T;2;PRESET-05;GASOLINA C
BAURU-PRESET-06;5163;BAURU;ILHA 2;T;2;PRESET-06;DIESEL B S10
BAURU-PRESET-07;5163;BAURU;ILHA 2;T;2;PRESET-07;DIESEL B S500
BAURU-PRESET-08;5163;BAURU;ILHA 2;T;2;PRESET-08;ETANOL HIDRATADO
BAURU-PRESET-09;5163;BAURU;ILHA 3;T;2;PRESET-09;GASOLINA C
BAURU-PRESET-10;5163;BAURU;ILHA 3;T;2;PRESET-10;DIESEL B S10
BAURU-PRESET-11;5163;BAURU;ILHA 3;T;2;PRESET-11;DIESEL B S500
BAURU-PRESET-12;5163;BAURU;ILHA 3;T;2;PRESET-12;ETANOL HIDRATADO
BAVAP-PRESET-94;5280;BAVAP;DESC B100;D;1;PRESET-94;BIODIESEL B100
BAVAP-PRESET-93;5280;BAVAP;ETANOL 1;D;2;PRESET-93;ETANOL HIDRATADO
BAVAP-PRESET-95;5280;BAVAP;ETANOL 2;D;2;PRESET-95;PRODUTO NÃO DETECTADO
BAVAP-PRESET-96;5280;BAVAP;ETANOL 2;D;2;PRESET-96;ETANOL ANIDRO
BAVAP-PRESET-11;5280;BAVAP;X01 misto;B;1;PRESET-11;GASOLINA C
BAVAP-PRESET-12;5280;BAVAP;X01 misto;B;1;PRESET-12;GASOLINA C
BAVAP-PRESET-13;5280;BAVAP;X01 misto;B;1;PRESET-13;DIESEL B S500
BAVAP-PRESET-14;5280;BAVAP;X01 misto;B;1;PRESET-14;ETANOL HIDRATADO
BAVAP-PRESET-21;5280;BAVAP;X02 misto;B;1;PRESET-21;GASOLINA C
BAVAP-PRESET-22;5280;BAVAP;X02 misto;B;1;PRESET-22;PRODUTO NÃO DETECTADO
BAVAP-PRESET-23;5280;BAVAP;X02 misto;B;1;PRESET-23;DIESEL B S500
BAVAP-PRESET-24;5280;BAVAP;X02 misto;B;1;PRESET-24;ETANOL HIDRATADO
BAVAP-PRESET-31;5280;BAVAP;X03 S500;B;1;PRESET-31;DIESEL B S10
BAVAP-PRESET-32;5280;BAVAP;X03 S500;B;1;PRESET-32;DIESEL B S500
BAVAP-PRESET-41;5280;BAVAP;X04 misto;B;1;PRESET-41;GASOLINA C
BAVAP-PRESET-42;5280;BAVAP;X04 misto;B;1;PRESET-42;DIESEL B S10
BAVAP-PRESET-43;5280;BAVAP;X04 misto;B;1;PRESET-43;ETANOL HIDRATADO
BAVAP-PRESET-51;5280;BAVAP;X05 Misto;B;1;PRESET-51;GASOLINA C
BAVAP-PRESET-52;5280;BAVAP;X05 Misto;B;1;PRESET-52;DIESEL B S10
BAVAP-PRESET-53;5280;BAVAP;X05 Misto;B;1;PRESET-53;ETANOL HIDRATADO
BAVAP-PRESET-61;5280;BAVAP;X06 misto;B;1;PRESET-61;GASOLINA C
BAVAP-PRESET-62;5280;BAVAP;X06 misto;B;1;PRESET-62;DIESEL B S10
BAVAP-PRESET-63;5280;BAVAP;X06 misto;B;1;PRESET-63;PRODUTO NÃO DETECTADO
BAVAP-PRESET-71;5280;BAVAP;X07 GA/H/S50;B;1;PRESET-71;GASOLINA C
BAVAP-PRESET-72;5280;BAVAP;X07 GA/H/S50;B;1;PRESET-72;DIESEL B S10
BAVAP-PRESET-73;5280;BAVAP;X07 GA/H/S50;B;1;PRESET-73;ETANOL HIDRATADO
BAVAP-PRESET-81;5280;BAVAP;X08 POD/VER;B;1;PRESET-81;PRODUTO NÃO DETECTADO
BAVAP-PRESET-82;5280;BAVAP;X08 POD/VER;B;1;PRESET-82;DIESEL B S10
BAVAP-PRESET-91;5280;BAVAP;X09 QAV/Sol;B;1;PRESET-91;GASOLINA A
BAVAP-PRESET-92;5280;BAVAP;X09 QAV/Sol;B;1;PRESET-92;JET-A
BAVEL-PRESET-11;5097;BAVEL;ILHA 1;T;2;PRESET-11;DIESEL B S10
BAVEL-PRESET-12;5097;BAVEL;ILHA 1;T;2;PRESET-12;GASOLINA C
BAVEL-PRESET-13;5097;BAVEL;ILHA 1;T;2;PRESET-13;DIESEL B S500
BAVEL-PRESET-14;5097;BAVEL;ILHA 1;T;2;PRESET-14;JET-A
BAVEL-PRESET-21;5097;BAVEL;ILHA 2;T;2;PRESET-21;ETANOL HIDRATADO
BAVEL-PRESET-22;5097;BAVEL;ILHA 2;T;2;PRESET-22;DIESEL B S10
BAVEL-PRESET-23;5097;BAVEL;ILHA 2;T;2;PRESET-23;DIESEL B S500
BAVEL-PRESET-24;5097;BAVEL;ILHA 2;T;2;PRESET-24;GASOLINA C
BAVEL-PRESET-31;5097;BAVEL;ILHA 3;T;2;PRESET-31;DIESEL B S10
BAVEL-PRESET-32;5097;BAVEL;ILHA 3;T;2;PRESET-32;DIESEL B S500
BAVEL-PRESET-33;5097;BAVEL;ILHA 3;T;2;PRESET-33;GASOLINA C
BAVEL-PRESET-41;5097;BAVEL;ILHA 4;T;2;PRESET-41;JET-A
BAVEL-PRESET-42;5097;BAVEL;ILHA 4;T;2;PRESET-42;DIESEL B S10
BAVEL-PRESET-43;5097;BAVEL;ILHA 4;T;2;PRESET-43;DIESEL MARITIMO
BAVIT-PRESET-18;5040;BAVIT;Ilha 20;D;2;PRESET-18;ETANOL ANIDRO
BAVIT-PRESET-19;5040;BAVIT;Ilha 21;D;2;PRESET-19;ETANOL ANIDRO
BAVIT-PRESET-20;5040;BAVIT;Ilha 22;D;2;PRESET-20;BIODIESEL B100
BAVIT-PRESET-21;5040;BAVIT;Ilha 23;D;2;PRESET-21;DIESEL A S10
BAVIT-PRESET-01;5040;BAVIT;Ilha 3;T;2;PRESET-01;DIESEL B S500
BAVIT-PRESET-02;5040;BAVIT;Ilha 3;T;2;PRESET-02;DIESEL B S10
BAVIT-PRESET-03;5040;BAVIT;Ilha 3;T;2;PRESET-03;GASOLINA C
BAVIT-PRESET-04;5040;BAVIT;Ilha 4;T;2;PRESET-04;ETANOL HIDRATADO
BAVIT-PRESET-05;5040;BAVIT;Ilha 4;T;2;PRESET-05;DIESEL B S500
BAVIT-PRESET-06;5040;BAVIT;Ilha 4;T;2;PRESET-06;GASOLINA C
BAVIT-PRESET-07;5040;BAVIT;Ilha 5;T;2;PRESET-07;DIESEL B S500
BAVIT-PRESET-08;5040;BAVIT;Ilha 5;T;2;PRESET-08;DIESEL B S10
BAVIT-PRESET-09;5040;BAVIT;Ilha 5;T;2;PRESET-09;GASOLINA C
BAVIT-PRESET-10;5040;BAVIT;Ilha 6;T;2;PRESET-10;DIESEL B S10
BAVIT-PRESET-11;5040;BAVIT;Ilha 6;T;2;PRESET-11;ETANOL HIDRATADO
BAVIT-PRESET-12;5040;BAVIT;Ilha 6;T;2;PRESET-12;GASOLINA C
BAVIT-PRESET-13;5040;BAVIT;Ilha 7;T;2;PRESET-13;DIESEL B S10
BAVIT-PRESET-14;5040;BAVIT;Ilha 7;T;2;PRESET-14;DIESEL MARITIMO
BAVIT-PRESET-15;5040;BAVIT;Ilha 8;T;2;PRESET-15;DIESEL B S500
BAVIT-PRESET-16;5040;BAVIT;Ilha 8;T;2;PRESET-16;DIESEL B S10
BAVIT-PRESET-17;5040;BAVIT;Ilha 8;T;2;PRESET-17;GASOLINA C
BAVOL-PRESET-01;5123;BAVOL;Plect1;T;2;PRESET-01;GASOLINA C
BAVOL-PRESET-02;5123;BAVOL;Plect1;T;2;PRESET-02;ETANOL HIDRATADO
BAVOL-PRESET-03;5123;BAVOL;Plect1;T;2;PRESET-03;DIESEL B S10
BAVOL-PRESET-04;5123;BAVOL;Plect2;T;2;PRESET-04;GASOLINA C
BAVOL-PRESET-05;5123;BAVOL;Plect2;T;2;PRESET-05;ETANOL HIDRATADO
BAVOL-PRESET-06;5123;BAVOL;Plect2;T;2;PRESET-06;DIESEL B S10
BAVOL-PRESET-09;5123;BAVOL;Plect2;T;2;PRESET-09;DIESEL B S500
BAVOL-PRESET-07;5123;BAVOL;Plect3;T;2;PRESET-07;DIESEL B S500
BAVOL-PRESET-08;5123;BAVOL;Plect3;T;2;PRESET-08;DIESEL B S10
BAVOL-PRESET-10;5123;BAVOL;SKID;D;2;PRESET-10;DIESEL A S10
BEAPE-PRESET-47;5329;BEAPE;Pldct 01;D;2;PRESET-47;ETANOL HIDRATADO
BEAPE-PRESET-48;5329;BEAPE;Pldct 01;D;2;PRESET-48;ETANOL HIDRATADO
BEAPE-PRESET-45;5329;BEAPE;Pldct 02;D;2;PRESET-45;BIODIESEL B100
BEAPE-PRESET-46;5329;BEAPE;Pldct 02;D;2;PRESET-46;BIODIESEL B100
BEAPE-PRESET-01;5329;BEAPE;Plect 05;T;2;PRESET-01;JET-A
BEAPE-PRESET-02;5329;BEAPE;Plect 05;T;2;PRESET-02;JET-A
BEAPE-PRESET-03;5329;BEAPE;Plect 05;T;2;PRESET-03;PRODUTO NÃO DETECTADO
BEAPE-PRESET-04;5329;BEAPE;Plect 06;T;2;PRESET-04;ETANOL HIDRATADO
BEAPE-PRESET-05;5329;BEAPE;Plect 06;T;2;PRESET-05;GASOLINA A
BEAPE-PRESET-06;5329;BEAPE;Plect 06;T;2;PRESET-06;GASOLINA C
BEAPE-PRESET-25;5329;BEAPE;Plect 06;T;2;PRESET-25;DIESEL B S10
BEAPE-PRESET-07;5329;BEAPE;Plect 07;T;2;PRESET-07;ETANOL HIDRATADO
BEAPE-PRESET-08;5329;BEAPE;Plect 07;T;2;PRESET-08;DIESEL B S10
BEAPE-PRESET-09;5329;BEAPE;Plect 07;T;2;PRESET-09;GASOLINA C
BEAPE-PRESET-26;5329;BEAPE;Plect 07;T;2;PRESET-26;DIESEL B S10
BEAPE-PRESET-10;5329;BEAPE;Plect 08;T;2;PRESET-10;ETANOL HIDRATADO
BEAPE-PRESET-11;5329;BEAPE;Plect 08;T;2;PRESET-11;DIESEL B S10
BEAPE-PRESET-12;5329;BEAPE;Plect 08;T;2;PRESET-12;GASOLINA C
BEAPE-PRESET-27;5329;BEAPE;Plect 08;T;2;PRESET-27;DIESEL B S10
BEAPE-PRESET-13;5329;BEAPE;Plect 09;T;2;PRESET-13;ETANOL HIDRATADO
BEAPE-PRESET-14;5329;BEAPE;Plect 09;T;2;PRESET-14;DIESEL B S10
BEAPE-PRESET-15;5329;BEAPE;Plect 09;T;2;PRESET-15;DIESEL B S10
BEAPE-PRESET-16;5329;BEAPE;Plect 09;T;2;PRESET-16;GASOLINA C
BEAPE-PRESET-17;5329;BEAPE;Plect 10;T;2;PRESET-17;ETANOL HIDRATADO
BEAPE-PRESET-18;5329;BEAPE;Plect 10;T;2;PRESET-18;DIESEL B S10
BEAPE-PRESET-19;5329;BEAPE;Plect 10;T;2;PRESET-19;DIESEL B S10
BEAPE-PRESET-20;5329;BEAPE;Plect 10;T;2;PRESET-20;GASOLINA C
BEAPE-PRESET-21;5329;BEAPE;Plect 11;T;2;PRESET-21;ETANOL HIDRATADO
BEAPE-PRESET-22;5329;BEAPE;Plect 11;T;2;PRESET-22;DIESEL B S10
BEAPE-PRESET-23;5329;BEAPE;Plect 11;T;2;PRESET-23;DIESEL B S10
BEAPE-PRESET-24;5329;BEAPE;Plect 11;T;2;PRESET-24;GASOLINA C
BEAPE-PRESET-28;5329;BEAPE;Plect 12;B;2;PRESET-28;ETANOL ANIDRO
BEAPE-PRESET-29;5329;BEAPE;Plect 12;B;2;PRESET-29;GASOLINA C
BEAPE-PRESET-30;5329;BEAPE;Plect 12;B;2;PRESET-30;DIESEL B S10
BEAPE-PRESET-31;5329;BEAPE;Plect 12;B;2;PRESET-31;ETANOL ANIDRO
BEAPE-PRESET-32;5329;BEAPE;Plect 12;B;2;PRESET-32;GASOLINA C
BEAPE-PRESET-33;5329;BEAPE;Plect 12;B;2;PRESET-33;DIESEL B S10
BEAPE-PRESET-34;5329;BEAPE;Plect 13;B;2;PRESET-34;ETANOL ANIDRO
BEAPE-PRESET-35;5329;BEAPE;Plect 13;B;2;PRESET-35;GASOLINA C
BEAPE-PRESET-36;5329;BEAPE;Plect 13;B;2;PRESET-36;DIESEL B S10
BEAPE-PRESET-37;5329;BEAPE;Plect 13;B;2;PRESET-37;ETANOL ANIDRO
BEAPE-PRESET-38;5329;BEAPE;Plect 13;B;2;PRESET-38;GASOLINA C
BEAPE-PRESET-39;5329;BEAPE;Plect 13;B;2;PRESET-39;DIESEL B S10
BEAPE-PRESET-40;5329;BEAPE;Plect 14;B;2;PRESET-40;GASOLINA A
BEAPE-PRESET-41;5329;BEAPE;Plect 14;B;2;PRESET-41;DIESEL A S10
BEAPE-PRESET-42;5329;BEAPE;Plect 14;B;2;PRESET-42;JET-A
BEAPE-PRESET-43;5329;BEAPE;Plect 14;B;2;PRESET-43;JET-A
BEAPE-PRESET-44;5329;BEAPE;Plect 14;B;2;PRESET-44;DIESEL A S10
BEGON-PRESET-26;5306;BEGON;ILHA-01;T;2;PRESET-26;DIESEL B S10
BEGON-PRESET-27;5306;BEGON;ILHA-01;T;2;PRESET-27;DIESEL B S500
BEGON-PRESET-01;5306;BEGON;ILHA-02;T;2;PRESET-01;DIESEL B S10
BEGON-PRESET-02;5306;BEGON;ILHA-02;T;2;PRESET-02;DIESEL B S10
BEGON-PRESET-03;5306;BEGON;ILHA-03;T;2;PRESET-03;GASOLINA C
BEGON-PRESET-04;5306;BEGON;ILHA-03;T;2;PRESET-04;ETANOL HIDRATADO
BEGON-PRESET-05;5306;BEGON;ILHA-03;T;2;PRESET-05;DIESEL B S500
BEGON-PRESET-06;5306;BEGON;ILHA-04;T;2;PRESET-06;GASOLINA C
BEGON-PRESET-07;5306;BEGON;ILHA-04;T;2;PRESET-07;ETANOL HIDRATADO
BEGON-PRESET-08;5306;BEGON;ILHA-04;T;2;PRESET-08;DIESEL B S500
BEGON-PRESET-09;5306;BEGON;ILHA-05;T;2;PRESET-09;GASOLINA C
BEGON-PRESET-10;5306;BEGON;ILHA-05;T;2;PRESET-10;ETANOL HIDRATADO
BEGON-PRESET-11;5306;BEGON;ILHA-05;T;2;PRESET-11;DIESEL B S10
BEGON-PRESET-12;5306;BEGON;ILHA-06;T;2;PRESET-12;GASOLINA C
BEGON-PRESET-13;5306;BEGON;ILHA-06;T;2;PRESET-13;DIESEL B S10
BEGON-PRESET-14;5306;BEGON;ILHA-06;T;2;PRESET-14;DIESEL B S500
BEGON-PRESET-23;5306;BEGON;ILHA-06;T;2;PRESET-23;ETANOL HIDRATADO
BEGON-PRESET-15;5306;BEGON;ILHA-07;T;2;PRESET-15;GASOLINA C
BEGON-PRESET-16;5306;BEGON;ILHA-07;T;2;PRESET-16;ETANOL HIDRATADO
BEGON-PRESET-17;5306;BEGON;ILHA-07;T;2;PRESET-17;DIESEL B S10
BEGON-PRESET-18;5306;BEGON;ILHA-08;T;2;PRESET-18;GASOLINA C
BEGON-PRESET-19;5306;BEGON;ILHA-08;T;2;PRESET-19;ETANOL HIDRATADO
BEGON-PRESET-20;5306;BEGON;ILHA-08;T;2;PRESET-20;DIESEL B S10
BEGON-PRESET-21;5306;BEGON;ILHA-09;T;2;PRESET-21;DIESEL B S10
BEGON-PRESET-22;5306;BEGON;ILHA-09;T;2;PRESET-22;DIESEL B S500
BEGON-PRESET-24;5306;BEGON;ILHA-09;T;2;PRESET-24;GASOLINA C
BEGON-PRESET-25;5306;BEGON;ILHA-09;T;2;PRESET-25;ETANOL HIDRATADO
BEJUA-X;0;BEJUA;X;X;2;X;PRODUTO NÃO DETECTADO
BERAV-X;5211;BERAV;Baia 1;T;2;X;PRODUTO NÃO DETECTADO
BERAV-X;5211;BERAV;Baia 2;T;2;X;PRODUTO NÃO DETECTADO
BETER-X;5323;BETER;1;T;2;X;PRODUTO NÃO DETECTADO
BETER-X;5323;BETER;2;T;2;X;PRODUTO NÃO DETECTADO
BETER-X;5323;BETER;3;T;2;X;PRODUTO NÃO DETECTADO
BETER-X;5323;BETER;4 DIESEL MARITIMO;T;1;X;PRODUTO NÃO DETECTADO
BETER-X;5323;BETER;5 HIDRATADO;D;1;X;PRODUTO NÃO DETECTADO
BETER-X;5323;BETER;6 GASOLINA;D;1;X;PRODUTO NÃO DETECTADO
BETER-X;5323;BETER;7 GASO/S-500/S-10;D;1;X;PRODUTO NÃO DETECTADO
BETER-X;5323;BETER;8 ANIDRO;D;1;X;PRODUTO NÃO DETECTADO
BETER-X;5323;BETER;SKID TQ 2223;T;1;X;PRODUTO NÃO DETECTADO
